{"v":"5.5.7","meta":{"g":"LottieFiles AE 0.1.21","a":"","k":"","d":"","tc":""},"fr":60,"ip":517,"op":800,"w":224,"h":224,"nm":"qr","ddd":0,"assets":[],"layers":[{"ddd":0,"ind":1,"ty":4,"nm":"Layer 1","sr":1,"ks":{"o":{"a":0,"k":100,"ix":11},"r":{"a":0,"k":0,"ix":10},"p":{"a":1,"k":[{"i":{"x":0.31,"y":1},"o":{"x":0.69,"y":0},"t":582,"s":[112,112.602,0],"to":[0,-6.417,0],"ti":[0,-6.292,0]},{"i":{"x":0.31,"y":1},"o":{"x":0.69,"y":0},"t":614,"s":[112,74.102,0],"to":[0,6.292,0],"ti":[0,0,0]},{"i":{"x":0.31,"y":1},"o":{"x":0.69,"y":0},"t":643,"s":[112,150.352,0],"to":[0,0,0],"ti":[0,0,0]},{"i":{"x":0.31,"y":1},"o":{"x":0.69,"y":0},"t":673,"s":[112,74.102,0],"to":[0,0,0],"ti":[0,-6.417,0]},{"i":{"x":0.31,"y":1},"o":{"x":0.69,"y":0},"t":702,"s":[112,150.352,0],"to":[0,6.417,0],"ti":[0,6.292,0]},{"t":729,"s":[112,112.602,0]}],"ix":2},"a":{"a":0,"k":[-2.5,0,0],"ix":1},"s":{"a":1,"k":[{"i":{"x":[0.12,0.12,0.12],"y":[1,1,1]},"o":{"x":[0.88,0.88,0.88],"y":[0,0,0]},"t":555,"s":[0,100,100]},{"i":{"x":[0.31,0.31,0.31],"y":[1,1,1]},"o":{"x":[0.167,0.167,0.167],"y":[0,0,0]},"t":582,"s":[100,100,100]},{"i":{"x":[0.31,0.31,0.31],"y":[1,1,1]},"o":{"x":[0.69,0.69,0.69],"y":[0,0,0]},"t":718,"s":[100,100,100]},{"t":745,"s":[0,100,100]}],"ix":6}},"ao":0,"shapes":[{"ty":"gr","it":[{"ind":0,"ty":"sh","ix":1,"ks":{"a":0,"k":{"i":[[0,0],[0,0]],"o":[[0,0],[0,0]],"v":[[-37.607,0],[32.607,0]],"c":false},"ix":2},"nm":"Path 1","mn":"ADBE Vector Shape - Group","hd":false},{"ty":"st","c":{"a":0,"k":[0.802720492494,0.922050505993,1,1],"ix":3},"o":{"a":0,"k":100,"ix":4},"w":{"a":0,"k":5.929,"ix":5},"lc":2,"lj":1,"ml":4,"bm":0,"nm":"Stroke 1","mn":"ADBE Vector Graphic - Stroke","hd":false},{"ty":"tr","p":{"a":0,"k":[0,0],"ix":2},"a":{"a":0,"k":[0,0],"ix":1},"s":{"a":0,"k":[100,100],"ix":3},"r":{"a":0,"k":0,"ix":6},"o":{"a":0,"k":100,"ix":7},"sk":{"a":0,"k":0,"ix":4},"sa":{"a":0,"k":0,"ix":5},"nm":"Transform"}],"nm":"Group 1","np":2,"cix":2,"bm":0,"ix":1,"mn":"ADBE Vector Group","hd":false}],"ip":0,"op":3600,"st":0,"bm":0},{"ddd":0,"ind":2,"ty":4,"nm":"Path 154","sr":1,"ks":{"o":{"a":0,"k":100,"ix":11},"r":{"a":0,"k":0,"ix":10},"p":{"a":0,"k":[130.285,130.286,0],"ix":2},"a":{"a":0,"k":[11.855,11.857,0],"ix":1},"s":{"a":0,"k":[100,100,100],"ix":6}},"ao":0,"shapes":[{"ty":"gr","it":[{"ind":0,"ty":"sh","ix":1,"ks":{"a":0,"k":{"i":[[0,0],[-3.28,0],[0,0],[0,-3.274],[0,0],[3.28,0],[0,0],[0,3.275]],"o":[[0,-3.274],[0,0],[3.28,0],[0,0],[0,3.275],[0,0],[-3.28,0],[0,0]],"v":[[0,5.928],[5.93,0],[17.78,0],[23.71,5.928],[23.71,17.785],[17.78,23.714],[5.93,23.714],[0,17.785]],"c":true},"ix":2},"nm":"Path 1","mn":"ADBE Vector Shape - Group","hd":false},{"ty":"gf","o":{"a":0,"k":100,"ix":10},"r":1,"bm":0,"g":{"p":3,"k":{"a":1,"k":[{"i":{"x":0.33,"y":1},"o":{"x":0.67,"y":0},"t":555,"s":[0,0.263,0.298,0.38,0.5,0.263,0.298,0.38,1,0.263,0.298,0.38]},{"i":{"x":0.667,"y":1},"o":{"x":0.67,"y":0},"t":587,"s":[0.002,0.208,0.736,1,0.501,0.131,0.622,0.933,1,0.054,0.508,0.866]},{"i":{"x":0.833,"y":1},"o":{"x":0.333,"y":0},"t":716,"s":[0.002,0.208,0.736,1,0.501,0.131,0.622,0.933,1,0.054,0.508,0.866]},{"t":742,"s":[0,0.263,0.298,0.38,0.5,0.263,0.298,0.38,1,0.263,0.298,0.38]}],"ix":9}},"s":{"a":0,"k":[24.566,24.564],"ix":5},"e":{"a":0,"k":[-33.902,-35.794],"ix":6},"t":1,"nm":"Gradient Fill 1","mn":"ADBE Vector Graphic - G-Fill","hd":false},{"ty":"tr","p":{"a":0,"k":[0,0],"ix":2},"a":{"a":0,"k":[0,0],"ix":1},"s":{"a":0,"k":[100,100],"ix":3},"r":{"a":0,"k":0,"ix":6},"o":{"a":0,"k":100,"ix":7},"sk":{"a":0,"k":0,"ix":4},"sa":{"a":0,"k":0,"ix":5},"nm":"Transform"}],"nm":"Path 154","np":3,"cix":2,"bm":0,"ix":1,"mn":"ADBE Vector Group","hd":false}],"ip":0,"op":3600,"st":0,"bm":0},{"ddd":0,"ind":3,"ty":4,"nm":"Path 153","sr":1,"ks":{"o":{"a":0,"k":100,"ix":11},"r":{"a":0,"k":0,"ix":10},"p":{"a":0,"k":[130.285,94.714,0],"ix":2},"a":{"a":0,"k":[11.855,11.857,0],"ix":1},"s":{"a":0,"k":[100,100,100],"ix":6}},"ao":0,"shapes":[{"ty":"gr","it":[{"ind":0,"ty":"sh","ix":1,"ks":{"a":0,"k":{"i":[[0,0],[0,-3.275],[0,0],[-3.28,0],[0,0],[0,3.274],[0,0],[3.28,0]],"o":[[-3.28,0],[0,0],[0,3.274],[0,0],[3.28,0],[0,0],[0,-3.275],[0,0]],"v":[[5.93,0],[0,5.929],[0,17.786],[5.93,23.714],[17.78,23.714],[23.71,17.786],[23.71,5.929],[17.78,0]],"c":true},"ix":2},"nm":"Path 1","mn":"ADBE Vector Shape - Group","hd":false},{"ty":"gf","o":{"a":0,"k":100,"ix":10},"r":1,"bm":0,"g":{"p":3,"k":{"a":1,"k":[{"i":{"x":0.33,"y":1},"o":{"x":0.67,"y":0},"t":556,"s":[0,0.788,0.831,0.937,0.5,0.614,0.659,0.769,1,0.439,0.486,0.6]},{"i":{"x":0.667,"y":1},"o":{"x":0.67,"y":0},"t":588,"s":[0.002,0.208,0.736,1,0.501,0.131,0.622,0.933,1,0.054,0.508,0.866]},{"i":{"x":0.667,"y":1},"o":{"x":0.333,"y":0},"t":717,"s":[0.002,0.208,0.736,1,0.501,0.131,0.622,0.933,1,0.054,0.508,0.866]},{"t":743,"s":[0,0.788,0.831,0.937,0.5,0.614,0.659,0.769,1,0.439,0.486,0.6]}],"ix":9}},"s":{"a":0,"k":[23.87,58.155],"ix":5},"e":{"a":0,"k":[-28.623,-6.069],"ix":6},"t":1,"nm":"Gradient Fill 1","mn":"ADBE Vector Graphic - G-Fill","hd":false},{"ty":"tr","p":{"a":0,"k":[0,0],"ix":2},"a":{"a":0,"k":[0,0],"ix":1},"s":{"a":0,"k":[100,100],"ix":3},"r":{"a":0,"k":0,"ix":6},"o":{"a":0,"k":100,"ix":7},"sk":{"a":0,"k":0,"ix":4},"sa":{"a":0,"k":0,"ix":5},"nm":"Transform"}],"nm":"Path 153","np":3,"cix":2,"bm":0,"ix":1,"mn":"ADBE Vector Group","hd":false}],"ip":0,"op":3600,"st":0,"bm":0},{"ddd":0,"ind":4,"ty":4,"nm":"Path 152","sr":1,"ks":{"o":{"a":0,"k":100,"ix":11},"r":{"a":0,"k":0,"ix":10},"p":{"a":0,"k":[94.715,130.286,0],"ix":2},"a":{"a":0,"k":[11.855,11.857,0],"ix":1},"s":{"a":0,"k":[100,100,100],"ix":6}},"ao":0,"shapes":[{"ty":"gr","it":[{"ind":0,"ty":"sh","ix":1,"ks":{"a":0,"k":{"i":[[0,0],[-3.28,0],[0,0],[0,-3.274],[0,0],[3.28,0],[0,0],[0,3.275]],"o":[[0,-3.274],[0,0],[3.28,0],[0,0],[0,3.275],[0,0],[-3.28,0],[0,0]],"v":[[0,5.928],[5.93,0],[17.78,0],[23.71,5.928],[23.71,17.785],[17.78,23.714],[5.93,23.714],[0,17.785]],"c":true},"ix":2},"nm":"Path 1","mn":"ADBE Vector Shape - Group","hd":false},{"ty":"gf","o":{"a":0,"k":100,"ix":10},"r":1,"bm":0,"g":{"p":3,"k":{"a":1,"k":[{"i":{"x":0.33,"y":1},"o":{"x":0.67,"y":0},"t":556,"s":[0,0.788,0.831,0.937,0.5,0.614,0.659,0.769,1,0.439,0.486,0.6]},{"i":{"x":0.667,"y":1},"o":{"x":0.67,"y":0},"t":588,"s":[0.002,0.208,0.736,1,0.501,0.131,0.622,0.933,1,0.054,0.508,0.866]},{"i":{"x":0.667,"y":1},"o":{"x":0.333,"y":0},"t":717,"s":[0.002,0.208,0.736,1,0.501,0.131,0.622,0.933,1,0.054,0.508,0.866]},{"t":743,"s":[0,0.788,0.831,0.937,0.5,0.614,0.659,0.769,1,0.439,0.486,0.6]}],"ix":9}},"s":{"a":0,"k":[-0.528,-36.301],"ix":5},"e":{"a":0,"k":[60.858,26.312],"ix":6},"t":1,"nm":"Gradient Fill 1","mn":"ADBE Vector Graphic - G-Fill","hd":false},{"ty":"tr","p":{"a":0,"k":[0,0],"ix":2},"a":{"a":0,"k":[0,0],"ix":1},"s":{"a":0,"k":[100,100],"ix":3},"r":{"a":0,"k":0,"ix":6},"o":{"a":0,"k":100,"ix":7},"sk":{"a":0,"k":0,"ix":4},"sa":{"a":0,"k":0,"ix":5},"nm":"Transform"}],"nm":"Path 152","np":3,"cix":2,"bm":0,"ix":1,"mn":"ADBE Vector Group","hd":false}],"ip":0,"op":3600,"st":0,"bm":0},{"ddd":0,"ind":5,"ty":4,"nm":"Path 151","sr":1,"ks":{"o":{"a":0,"k":100,"ix":11},"r":{"a":0,"k":0,"ix":10},"p":{"a":0,"k":[94.715,94.714,0],"ix":2},"a":{"a":0,"k":[11.855,11.857,0],"ix":1},"s":{"a":0,"k":[100,100,100],"ix":6}},"ao":0,"shapes":[{"ty":"gr","it":[{"ind":0,"ty":"sh","ix":1,"ks":{"a":0,"k":{"i":[[0,0],[-3.28,0],[0,0],[0,-3.275],[0,0],[3.28,0],[0,0],[0,3.274]],"o":[[0,-3.275],[0,0],[3.28,0],[0,0],[0,3.274],[0,0],[-3.28,0],[0,0]],"v":[[0,5.929],[5.93,0],[17.78,0],[23.71,5.929],[23.71,17.786],[17.78,23.714],[5.93,23.714],[0,17.786]],"c":true},"ix":2},"nm":"Path 1","mn":"ADBE Vector Shape - Group","hd":false},{"ty":"gf","o":{"a":0,"k":100,"ix":10},"r":1,"bm":0,"g":{"p":3,"k":{"a":1,"k":[{"i":{"x":0.33,"y":1},"o":{"x":0.67,"y":0},"t":556,"s":[0,0.788,0.831,0.937,0.5,0.614,0.659,0.769,1,0.439,0.486,0.6]},{"i":{"x":0.667,"y":1},"o":{"x":0.67,"y":0},"t":588,"s":[0.002,0.208,0.736,1,0.501,0.131,0.622,0.933,1,0.054,0.508,0.866]},{"i":{"x":0.667,"y":1},"o":{"x":0.333,"y":0},"t":717,"s":[0.002,0.208,0.736,1,0.501,0.131,0.622,0.933,1,0.054,0.508,0.866]},{"t":743,"s":[0,0.788,0.831,0.937,0.5,0.614,0.659,0.769,1,0.439,0.486,0.6]}],"ix":9}},"s":{"a":0,"k":[0,0],"ix":5},"e":{"a":0,"k":[61.154,58.046],"ix":6},"t":1,"nm":"Gradient Fill 1","mn":"ADBE Vector Graphic - G-Fill","hd":false},{"ty":"tr","p":{"a":0,"k":[0,0],"ix":2},"a":{"a":0,"k":[0,0],"ix":1},"s":{"a":0,"k":[100,100],"ix":3},"r":{"a":0,"k":0,"ix":6},"o":{"a":0,"k":100,"ix":7},"sk":{"a":0,"k":0,"ix":4},"sa":{"a":0,"k":0,"ix":5},"nm":"Transform"}],"nm":"Path 151","np":3,"cix":2,"bm":0,"ix":1,"mn":"ADBE Vector Group","hd":false}],"ip":0,"op":3600,"st":0,"bm":0},{"ddd":0,"ind":6,"ty":4,"nm":"Path 150","sr":1,"ks":{"o":{"a":0,"k":100,"ix":11},"r":{"a":0,"k":0,"ix":10},"p":{"a":1,"k":[{"i":{"x":0.12,"y":1},"o":{"x":0.88,"y":0},"t":555,"s":[137.695,137.697,0],"to":[1.667,1.667,0],"ti":[-1.667,-1.667,0]},{"i":{"x":0.24,"y":0.24},"o":{"x":0.167,"y":0.167},"t":592,"s":[147.695,147.697,0],"to":[0,0,0],"ti":[0,0,0]},{"i":{"x":0.24,"y":1},"o":{"x":0.76,"y":0},"t":718,"s":[147.695,147.697,0],"to":[-1.667,-1.667,0],"ti":[1.667,1.667,0]},{"t":757,"s":[137.695,137.697,0]}],"ix":2},"a":{"a":0,"k":[16.305,16.303,0],"ix":1},"s":{"a":0,"k":[100,100,100],"ix":6}},"ao":0,"shapes":[{"ty":"gr","it":[{"ind":0,"ty":"sh","ix":1,"ks":{"a":0,"k":{"i":[[0,0],[0,0],[0,9.823],[0,0]],"o":[[0,0],[9.83,0],[0,0],[0,0]],"v":[[0,32.607],[14.82,32.607],[32.61,14.821],[32.61,0]],"c":false},"ix":2},"nm":"Path 1","mn":"ADBE Vector Shape - Group","hd":false},{"ty":"st","c":{"a":1,"k":[{"i":{"x":[0.833],"y":[0.833]},"o":{"x":[0.167],"y":[0.167]},"t":555,"s":[0.705882352941,0.749019607843,0.85882358925,1]},{"i":{"x":[0.833],"y":[0.833]},"o":{"x":[0.167],"y":[0.167]},"t":578,"s":[0.050980392157,0.458823529412,0.764705882353,1]},{"i":{"x":[0.833],"y":[0.833]},"o":{"x":[0.167],"y":[0.167]},"t":718,"s":[0.050980392157,0.458823529412,0.764705882353,1]},{"t":736,"s":[0.705882352941,0.749019607843,0.85882358925,1]}],"ix":3},"o":{"a":0,"k":100,"ix":4},"w":{"a":0,"k":5.929,"ix":5},"lc":2,"lj":1,"ml":4,"bm":0,"nm":"Stroke 1","mn":"ADBE Vector Graphic - Stroke","hd":false},{"ty":"tr","p":{"a":0,"k":[0,0],"ix":2},"a":{"a":0,"k":[0,0],"ix":1},"s":{"a":0,"k":[100,100],"ix":3},"r":{"a":0,"k":0,"ix":6},"o":{"a":0,"k":100,"ix":7},"sk":{"a":0,"k":0,"ix":4},"sa":{"a":0,"k":0,"ix":5},"nm":"Transform"}],"nm":"Path 150","np":3,"cix":2,"bm":0,"ix":1,"mn":"ADBE Vector Group","hd":false}],"ip":0,"op":3600,"st":0,"bm":0},{"ddd":0,"ind":7,"ty":4,"nm":"Path 149","sr":1,"ks":{"o":{"a":0,"k":100,"ix":11},"r":{"a":0,"k":0,"ix":10},"p":{"a":1,"k":[{"i":{"x":0.12,"y":1},"o":{"x":0.88,"y":0},"t":555,"s":[137.695,87.303,0],"to":[1.667,-1.667,0],"ti":[-1.667,1.667,0]},{"i":{"x":0.24,"y":0.24},"o":{"x":0.167,"y":0.167},"t":592,"s":[147.695,77.303,0],"to":[0,0,0],"ti":[0,0,0]},{"i":{"x":0.24,"y":1},"o":{"x":0.76,"y":0},"t":718,"s":[147.695,77.303,0],"to":[-1.667,1.667,0],"ti":[1.667,-1.667,0]},{"t":757,"s":[137.695,87.303,0]}],"ix":2},"a":{"a":0,"k":[16.305,16.303,0],"ix":1},"s":{"a":0,"k":[100,100,100],"ix":6}},"ao":0,"shapes":[{"ty":"gr","it":[{"ind":0,"ty":"sh","ix":1,"ks":{"a":0,"k":{"i":[[0,0],[0,0],[0,-9.823],[0,0]],"o":[[0,0],[9.83,0],[0,0],[0,0]],"v":[[0,0],[14.82,0],[32.61,17.786],[32.61,32.607]],"c":false},"ix":2},"nm":"Path 1","mn":"ADBE Vector Shape - Group","hd":false},{"ty":"st","c":{"a":1,"k":[{"i":{"x":[0.833],"y":[0.833]},"o":{"x":[0.167],"y":[0.167]},"t":555,"s":[0.705882352941,0.749019607843,0.85882358925,1]},{"i":{"x":[0.833],"y":[0.833]},"o":{"x":[0.167],"y":[0.167]},"t":578,"s":[0.050980392157,0.458823529412,0.764705882353,1]},{"i":{"x":[0.833],"y":[0.833]},"o":{"x":[0.167],"y":[0.167]},"t":718,"s":[0.050980392157,0.458823529412,0.764705882353,1]},{"t":736,"s":[0.705882352941,0.749019607843,0.85882358925,1]}],"ix":3},"o":{"a":0,"k":100,"ix":4},"w":{"a":0,"k":5.929,"ix":5},"lc":2,"lj":1,"ml":4,"bm":0,"nm":"Stroke 1","mn":"ADBE Vector Graphic - Stroke","hd":false},{"ty":"tr","p":{"a":0,"k":[0,0],"ix":2},"a":{"a":0,"k":[0,0],"ix":1},"s":{"a":0,"k":[100,100],"ix":3},"r":{"a":0,"k":0,"ix":6},"o":{"a":0,"k":100,"ix":7},"sk":{"a":0,"k":0,"ix":4},"sa":{"a":0,"k":0,"ix":5},"nm":"Transform"}],"nm":"Path 149","np":3,"cix":2,"bm":0,"ix":1,"mn":"ADBE Vector Group","hd":false}],"ip":0,"op":3600,"st":0,"bm":0},{"ddd":0,"ind":8,"ty":4,"nm":"Path 148","sr":1,"ks":{"o":{"a":0,"k":100,"ix":11},"r":{"a":0,"k":0,"ix":10},"p":{"a":1,"k":[{"i":{"x":0.12,"y":1},"o":{"x":0.88,"y":0},"t":555,"s":[87.305,137.697,0],"to":[-1.667,1.667,0],"ti":[1.667,-1.667,0]},{"i":{"x":0.24,"y":0.24},"o":{"x":0.167,"y":0.167},"t":592,"s":[77.305,147.697,0],"to":[0,0,0],"ti":[0,0,0]},{"i":{"x":0.24,"y":1},"o":{"x":0.76,"y":0},"t":718,"s":[77.305,147.697,0],"to":[1.667,-1.667,0],"ti":[-1.667,1.667,0]},{"t":757,"s":[87.305,137.697,0]}],"ix":2},"a":{"a":0,"k":[16.305,16.303,0],"ix":1},"s":{"a":0,"k":[100,100,100],"ix":6}},"ao":0,"shapes":[{"ty":"gr","it":[{"ind":0,"ty":"sh","ix":1,"ks":{"a":0,"k":{"i":[[0,0],[0,0],[0,9.823],[0,0]],"o":[[0,0],[-9.83,0],[0,0],[0,0]],"v":[[32.61,32.607],[17.79,32.607],[0,14.821],[0,0]],"c":false},"ix":2},"nm":"Path 1","mn":"ADBE Vector Shape - Group","hd":false},{"ty":"st","c":{"a":1,"k":[{"i":{"x":[0.833],"y":[0.833]},"o":{"x":[0.167],"y":[0.167]},"t":555,"s":[0.705882352941,0.749019607843,0.85882358925,1]},{"i":{"x":[0.833],"y":[0.833]},"o":{"x":[0.167],"y":[0.167]},"t":578,"s":[0.050980392157,0.458823529412,0.764705882353,1]},{"i":{"x":[0.833],"y":[0.833]},"o":{"x":[0.167],"y":[0.167]},"t":718,"s":[0.050980392157,0.458823529412,0.764705882353,1]},{"t":736,"s":[0.705882352941,0.749019607843,0.85882358925,1]}],"ix":3},"o":{"a":0,"k":100,"ix":4},"w":{"a":0,"k":5.929,"ix":5},"lc":2,"lj":1,"ml":4,"bm":0,"nm":"Stroke 1","mn":"ADBE Vector Graphic - Stroke","hd":false},{"ty":"tr","p":{"a":0,"k":[0,0],"ix":2},"a":{"a":0,"k":[0,0],"ix":1},"s":{"a":0,"k":[100,100],"ix":3},"r":{"a":0,"k":0,"ix":6},"o":{"a":0,"k":100,"ix":7},"sk":{"a":0,"k":0,"ix":4},"sa":{"a":0,"k":0,"ix":5},"nm":"Transform"}],"nm":"Path 148","np":3,"cix":2,"bm":0,"ix":1,"mn":"ADBE Vector Group","hd":false}],"ip":0,"op":3600,"st":0,"bm":0},{"ddd":0,"ind":9,"ty":4,"nm":"Path 147","sr":1,"ks":{"o":{"a":0,"k":100,"ix":11},"r":{"a":0,"k":0,"ix":10},"p":{"a":1,"k":[{"i":{"x":0.12,"y":1},"o":{"x":0.88,"y":0},"t":555,"s":[87.305,87.303,0],"to":[-1.667,-1.667,0],"ti":[1.667,1.667,0]},{"i":{"x":0.24,"y":0.24},"o":{"x":0.167,"y":0.167},"t":592,"s":[77.305,77.303,0],"to":[0,0,0],"ti":[0,0,0]},{"i":{"x":0.24,"y":1},"o":{"x":0.76,"y":0},"t":718,"s":[77.305,77.303,0],"to":[1.667,1.667,0],"ti":[-1.667,-1.667,0]},{"t":757,"s":[87.305,87.303,0]}],"ix":2},"a":{"a":0,"k":[16.305,16.303,0],"ix":1},"s":{"a":0,"k":[100,100,100],"ix":6}},"ao":0,"shapes":[{"ty":"gr","it":[{"ind":0,"ty":"sh","ix":1,"ks":{"a":0,"k":{"i":[[0,0],[0,0],[0,-9.823],[0,0]],"o":[[0,0],[-9.83,0],[0,0],[0,0]],"v":[[32.61,0],[17.79,0],[0,17.786],[0,32.607]],"c":false},"ix":2},"nm":"Path 1","mn":"ADBE Vector Shape - Group","hd":false},{"ty":"st","c":{"a":1,"k":[{"i":{"x":[0.833],"y":[0.833]},"o":{"x":[0.167],"y":[0.167]},"t":555,"s":[0.705882352941,0.749019607843,0.85882358925,1]},{"i":{"x":[0.833],"y":[0.833]},"o":{"x":[0.167],"y":[0.167]},"t":578,"s":[0.050980392157,0.458823529412,0.764705882353,1]},{"i":{"x":[0.833],"y":[0.833]},"o":{"x":[0.167],"y":[0.167]},"t":718,"s":[0.050980392157,0.458823529412,0.764705882353,1]},{"t":736,"s":[0.705882352941,0.749019607843,0.85882358925,1]}],"ix":3},"o":{"a":0,"k":100,"ix":4},"w":{"a":0,"k":5.929,"ix":5},"lc":2,"lj":1,"ml":4,"bm":0,"nm":"Stroke 1","mn":"ADBE Vector Graphic - Stroke","hd":false},{"ty":"tr","p":{"a":0,"k":[0,0],"ix":2},"a":{"a":0,"k":[0,0],"ix":1},"s":{"a":0,"k":[100,100],"ix":3},"r":{"a":0,"k":0,"ix":6},"o":{"a":0,"k":100,"ix":7},"sk":{"a":0,"k":0,"ix":4},"sa":{"a":0,"k":0,"ix":5},"nm":"Transform"}],"nm":"Path 147","np":3,"cix":2,"bm":0,"ix":1,"mn":"ADBE Vector Group","hd":false}],"ip":0,"op":3600,"st":0,"bm":0}],"markers":[]}